Session Information:,,,,Device Information:,,,,Oarlock Information:,,,,Oarlock Settings:

Name:,JustGo-2038M,,,Name:,CBGPS 011004428,,,Firmware:,---,,,Boat ID:,---
Start Time:,05/17/2024 16:29,,,Model:,CBGPS,,,,,,,Seat Number:,---
Type:,Just Go,,,Serial:,011004428,,,,,,,Port Starboard:,---
System of Units:,Meters/Split500,,,Firmware Version:,1.00,,,,,,,Oar Length:,---
Speed Input:,GPS,,,Profile Version:,0.03,,,,,,,Inboard Length:,---
,,,,Hardware Version:,Rev 3A,,,,,,,,
,,,,LiNK Version:,2.1.68,,,,,,,,


Session Summary:

Total Intervals,Total Distance (GPS),Total Distance (IMP),Total Elapsed Time,Avg Split (GPS),Avg Speed (GPS),Avg Split (IMP),Avg Speed (IMP),Avg Stroke Rate,Total Strokes,Distance/Stroke (GPS),Distance/Stroke (IMP),Avg Heart Rate,Avg Power,Avg Catch,Avg Slip,Avg Finish,Avg Wash,Avg Force Avg,Avg Work,Avg Force Max,Avg Max Force Angle,Start GPS Lat.,Start GPS Lon.
(Interval),(Meters),(Meters),(HH:MM:SS.tenths),(/500),(M/S),(/500),(M/S),(SPM),(Strokes),(Meters),(Meters),(BPM),(Watts),(Degrees),(Degrees),(Degrees),(Degrees),(Newtons),(Joules),(Newtons),(Degrees),(Degrees),(Degrees)
1,2038.2,0.0,00:07:19.0,00:01:47.8,4.64,00:00:00.0,0.00,34.5,251,8.1,0.0,---,---,---,---,---,---,---,---,---,---,36.0436133,-84.2013444


Interval Summaries:

Interval,Total Distance (GPS),Total Distance (IMP),Total Elapsed Time,Avg Split (GPS),Avg Speed (GPS),Avg Split (IMP),Avg Speed (IMP),Avg Stroke Rate,Total Strokes,Distance/Stroke (GPS),Distance/Stroke (IMP),Avg Heart Rate,Avg Power,Avg Catch,Avg Slip,Avg Finish,Avg Wash,Avg Force Avg,Avg Work,Avg Force Max,Avg Max Force Angle,Start GPS Lat.,Start GPS Lon.
(Interval),(Meters),(Meters),(HH:MM:SS.tenths),(/500),(M/S),(/500),(M/S),(SPM),(Strokes),(Meters),(Meters),(BPM),(Watts),(Degrees),(Degrees),(Degrees),(Degrees),(Newtons),(Joules),(Newtons),(Degrees),(Degrees),(Degrees)
1,2038.2,0.0,00:07:19.0,00:01:47.8,4.64,00:00:00.0,0.00,34.5,251,8.1,0.0,---,---,---,---,---,---,---,---,---,---,36.0436133,-84.2013444



Per-Stroke Data:

Interval,Distance (GPS),Distance (IMP),Elapsed Time,Split (GPS),Speed (GPS),Split (IMP),Speed (IMP),Stroke Rate,Total Strokes,Distance/Stroke (GPS),Distance/Stroke (IMP),Heart Rate,Power,Catch,Slip,Finish,Wash,Force Avg,Work,Force Max,Max Force Angle,GPS Lat.,GPS Lon.
(Interval),(Meters),(Meters),(HH:MM:SS.tenths),(/500),(M/S),(/500),(M/S),(SPM),(Strokes),(Meters),(Meters),(BPM),(Watts),(Degrees),(Degrees),(Degrees),(Degrees),(Newtons),(Joules),(Newtons),(Degrees),(Degrees),(Degrees)
1,1.4,0.0,00:00:01.0,00:05:03.0,1.65,00:00:00.0,0.00,59.0,1,1.4,0.0,---,---,---,---,---,---,---,---,---,---,36.0436133,-84.2013444
1,4.5,0.0,00:00:02.7,00:05:01.2,1.66,00:00:00.0,0.00,66.5,2,3.1,0.0,---,---,---,---,---,---,---,---,---,---,36.0435890,-84.2013266
1,11.4,0.0,00:00:04.4,00:03:33.7,2.34,00:00:00.0,0.00,34.0,3,6.9,0.0,---,---,---,---,---,---,---,---,---,---,36.0435371,-84.2012850
1,17.8,0.0,00:00:06.0,00:02:38.2,3.16,00:00:00.0,0.00,35.5,4,6.4,0.0,---,---,---,---,---,---,---,---,---,---,36.0434903,-84.2012441
1,25.9,0.0,00:00:07.8,00:02:10.5,3.83,00:00:00.0,0.00,36.5,5,8.1,0.0,---,---,---,---,---,---,---,---,---,---,36.0434329,-84.2011884
1,33.5,0.0,00:00:09.4,00:01:56.8,4.28,00:00:00.0,0.00,37.0,6,7.6,0.0,---,---,---,---,---,---,---,---,---,---,36.0433802,-84.2011354
1,41.3,0.0,00:00:11.0,00:01:50.1,4.54,00:00:00.0,0.00,36.5,7,7.8,0.0,---,---,---,---,---,---,---,---,---,---,36.0433263,-84.2010793
1,49.3,0.0,00:00:12.6,00:01:43.9,4.81,00:00:00.0,0.00,37.0,8,8.0,0.0,---,---,---,---,---,---,---,---,---,---,36.0432718,-84.2010213
1,57.3,0.0,00:00:14.2,00:01:39.8,5.01,00:00:00.0,0.00,37.5,9,8.0,0.0,---,---,---,---,---,---,---,---,---,---,36.0432167,-84.2009639
1,65.5,0.0,00:00:15.8,00:01:37.8,5.11,00:00:00.0,0.00,36.5,10,8.1,0.0,---,---,---,---,---,---,---,---,---,---,36.0431601,-84.2009066
1,73.7,0.0,00:00:17.7,00:01:36.5,5.18,00:00:00.0,0.00,37.0,11,8.3,0.0,---,---,---,---,---,---,---,---,---,---,36.0431026,-84.2008486
1,83.0,0.0,00:00:19.2,00:01:37.1,5.15,00:00:00.0,0.00,37.5,12,9.3,0.0,---,---,---,---,---,---,---,---,---,---,36.0430389,-84.2007825
1,90.0,0.0,00:00:20.8,00:01:37.3,5.14,00:00:00.0,0.00,36.0,13,7.0,0.0,---,---,---,---,---,---,---,---,---,---,36.0429904,-84.2007333
1,99.3,0.0,00:00:22.4,00:01:39.2,5.04,00:00:00.0,0.00,37.0,14,9.3,0.0,---,---,---,---,---,---,---,---,---,---,36.0429259,-84.2006672
1,107.5,0.0,00:00:24.0,00:01:39.6,5.02,00:00:00.0,0.00,35.5,15,8.2,0.0,---,---,---,---,---,---,---,---,---,---,36.0428697,-84.2006086
1,115.6,0.0,00:00:25.6,00:01:39.8,5.01,00:00:00.0,0.00,36.0,16,8.1,0.0,---,---,---,---,---,---,---,---,---,---,36.0428135,-84.2005504
1,124.9,0.0,00:00:27.4,00:01:39.6,5.02,00:00:00.0,0.00,37.0,17,9.3,0.0,---,---,---,---,---,---,---,---,---,---,36.0427494,-84.2004841
1,133.1,0.0,00:00:29.0,00:01:39.8,5.01,00:00:00.0,0.00,36.0,18,8.2,0.0,---,---,---,---,---,---,---,---,---,---,36.0426925,-84.2004266
1,141.1,0.0,00:00:30.6,00:01:38.2,5.09,00:00:00.0,0.00,35.5,19,8.0,0.0,---,---,---,---,---,---,---,---,---,---,36.0426369,-84.2003701
1,150.3,0.0,00:00:32.7,00:01:37.3,5.14,00:00:00.0,0.00,36.0,20,9.1,0.0,---,---,---,---,---,---,---,---,---,---,36.0425739,-84.2003053
1,158.3,0.0,00:00:34.0,00:01:37.5,5.13,00:00:00.0,0.00,36.0,21,8.0,0.0,---,---,---,---,---,---,---,---,---,---,36.0425188,-84.2002482
1,165.1,0.0,00:00:35.7,00:01:37.3,5.14,00:00:00.0,0.00,37.0,22,6.9,0.0,---,---,---,---,---,---,---,---,---,---,36.0424711,-84.2002001
1,175.4,0.0,00:00:37.4,00:01:39.4,5.03,00:00:00.0,0.00,35.5,23,10.3,0.0,---,---,---,---,---,---,---,---,---,---,36.0423997,-84.2001271
1,183.3,0.0,00:00:39.0,00:01:39.8,5.01,00:00:00.0,0.00,35.5,24,7.9,0.0,---,---,---,---,---,---,---,---,---,---,36.0423446,-84.2000713
1,192.3,0.0,00:00:40.8,00:01:41.0,4.95,00:00:00.0,0.00,35.5,25,8.9,0.0,---,---,---,---,---,---,---,---,---,---,36.0422831,-84.2000076
1,200.0,0.0,00:00:42.4,00:01:42.0,4.90,00:00:00.0,0.00,34.0,26,7.7,0.0,---,---,---,---,---,---,---,---,---,---,36.0422300,-84.1999530
1,208.7,0.0,00:00:44.2,00:01:43.5,4.83,00:00:00.0,0.00,34.0,27,8.7,0.0,---,---,---,---,---,---,---,---,---,---,36.0421696,-84.1998913
1,217.3,0.0,00:00:46.0,00:01:42.9,4.86,00:00:00.0,0.00,34.0,28,8.7,0.0,---,---,---,---,---,---,---,---,---,---,36.0421094,-84.1998303
1,223.9,0.0,00:00:47.7,00:01:42.5,4.88,00:00:00.0,0.00,34.0,29,6.5,0.0,---,---,---,---,---,---,---,---,---,---,36.0420640,-84.1997846
1,233.8,0.0,00:00:49.4,00:01:44.6,4.78,00:00:00.0,0.00,34.0,30,9.9,0.0,---,---,---,---,---,---,---,---,---,---,36.0419950,-84.1997152
1,242.6,0.0,00:00:51.2,00:01:43.9,4.81,00:00:00.0,0.00,34.0,31,8.8,0.0,---,---,---,---,---,---,---,---,---,---,36.0419331,-84.1996541
1,251.4,0.0,00:00:53.0,00:01:44.8,4.77,00:00:00.0,0.00,34.0,32,8.8,0.0,---,---,---,---,---,---,---,---,---,---,36.0418722,-84.1995920
1,259.9,0.0,00:00:54.8,00:01:44.2,4.80,00:00:00.0,0.00,32.5,33,8.6,0.0,---,---,---,---,---,---,---,---,---,---,36.0418135,-84.1995305
1,267.3,0.0,00:00:56.6,00:01:43.5,4.83,00:00:00.0,0.00,34.0,34,7.4,0.0,---,---,---,---,---,---,---,---,---,---,36.0417630,-84.1994775
1,277.0,0.0,00:00:58.4,00:01:45.3,4.75,00:00:00.0,0.00,32.5,35,9.7,0.0,---,---,---,---,---,---,---,---,---,---,36.0416974,-84.1994073
1,285.6,0.0,00:01:00.2,00:01:45.5,4.74,00:00:00.0,0.00,32.5,36,8.6,0.0,---,---,---,---,---,---,---,---,---,---,36.0416383,-84.1993458
1,294.0,0.0,00:01:02.0,00:01:46.4,4.70,00:00:00.0,0.00,33.0,37,8.5,0.0,---,---,---,---,---,---,---,---,---,---,36.0415793,-84.1992862
1,302.6,0.0,00:01:03.8,00:01:44.8,4.77,00:00:00.0,0.00,33.5,38,8.6,0.0,---,---,---,---,---,---,---,---,---,---,36.0415198,-84.1992261
1,309.9,0.0,00:01:05.7,00:01:44.8,4.77,00:00:00.0,0.00,33.0,39,7.3,0.0,---,---,---,---,---,---,---,---,---,---,36.0414690,-84.1991752
1,319.4,0.0,00:01:07.4,00:01:47.8,4.64,00:00:00.0,0.00,32.5,40,9.5,0.0,---,---,---,---,---,---,---,---,---,---,36.0414022,-84.1991095
1,327.8,0.0,00:01:09.2,00:01:47.5,4.65,00:00:00.0,0.00,33.5,41,8.4,0.0,---,---,---,---,---,---,---,---,---,---,36.0413429,-84.1990510
1,336.3,0.0,00:01:11.0,00:01:48.7,4.60,00:00:00.0,0.00,32.5,42,8.5,0.0,---,---,---,---,---,---,---,---,---,---,36.0412835,-84.1989920
1,344.7,0.0,00:01:12.8,00:01:47.5,4.65,00:00:00.0,0.00,33.0,43,8.4,0.0,---,---,---,---,---,---,---,---,---,---,36.0412252,-84.1989332
1,351.9,0.0,00:01:14.7,00:01:47.5,4.65,00:00:00.0,0.00,33.5,44,7.2,0.0,---,---,---,---,---,---,---,---,---,---,36.0411746,-84.1988829
1,361.3,0.0,00:01:16.4,00:01:49.9,4.55,00:00:00.0,0.00,33.0,45,9.4,0.0,---,---,---,---,---,---,---,---,---,---,36.0411087,-84.1988175
1,369.7,0.0,00:01:18.2,00:01:48.7,4.60,00:00:00.0,0.00,33.5,46,8.4,0.0,---,---,---,---,---,---,---,---,---,---,36.0410507,-84.1987587
1,378.0,0.0,00:01:20.0,00:01:49.2,4.58,00:00:00.0,0.00,32.5,47,8.3,0.0,---,---,---,---,---,---,---,---,---,---,36.0409931,-84.1986994
1,387.4,0.0,00:01:22.0,00:01:47.5,4.65,00:00:00.0,0.00,33.0,48,9.4,0.0,---,---,---,---,---,---,---,---,---,---,36.0409282,-84.1986332
1,393.6,0.0,00:01:23.7,00:01:46.2,4.71,00:00:00.0,0.00,33.5,49,6.2,0.0,---,---,---,---,---,---,---,---,---,---,36.0408853,-84.1985893
1,403.0,0.0,00:01:25.4,00:01:49.2,4.58,00:00:00.0,0.00,33.0,50,9.4,0.0,---,---,---,---,---,---,---,---,---,---,36.0408195,-84.1985235
1,411.3,0.0,00:01:27.2,00:01:49.2,4.58,00:00:00.0,0.00,33.5,51,8.3,0.0,---,---,---,---,---,---,---,---,---,---,36.0407619,-84.1984652
1,419.6,0.0,00:01:29.0,00:01:49.6,4.56,00:00:00.0,0.00,33.0,52,8.4,0.0,---,---,---,---,---,---,---,---,---,---,36.0407032,-84.1984072
1,428.1,0.0,00:01:30.8,00:01:48.0,4.63,00:00:00.0,0.00,33.5,53,8.5,0.0,---,---,---,---,---,---,---,---,---,---,36.0406434,-84.1983488
1,435.3,0.0,00:01:32.7,00:01:46.8,4.68,00:00:00.0,0.00,33.0,54,7.2,0.0,---,---,---,---,---,---,---,---,---,---,36.0405936,-84.1982981
1,444.6,0.0,00:01:34.4,00:01:49.4,4.57,00:00:00.0,0.00,33.5,55,9.3,0.0,---,---,---,---,---,---,---,---,---,---,36.0405280,-84.1982331
1,453.0,0.0,00:01:36.2,00:01:49.4,4.57,00:00:00.0,0.00,33.0,56,8.4,0.0,---,---,---,---,---,---,---,---,---,---,36.0404687,-84.1981755
1,461.4,0.0,00:01:38.0,00:01:49.9,4.55,00:00:00.0,0.00,33.5,57,8.4,0.0,---,---,---,---,---,---,---,---,---,---,36.0404099,-84.1981177
1,469.8,0.0,00:01:39.8,00:01:47.8,4.64,00:00:00.0,0.00,34.0,58,8.4,0.0,---,---,---,---,---,---,---,---,---,---,36.0403505,-84.1980602
1,477.1,0.0,00:01:41.7,00:01:46.8,4.68,00:00:00.0,0.00,33.0,59,7.3,0.0,---,---,---,---,---,---,---,---,---,---,36.0402992,-84.1980092
1,486.6,0.0,00:01:43.4,00:01:49.2,4.58,00:00:00.0,0.00,33.5,60,9.4,0.0,---,---,---,---,---,---,---,---,---,---,36.0402331,-84.1979437
1,494.9,0.0,00:01:45.2,00:01:49.2,4.58,00:00:00.0,0.00,34.0,61,8.4,0.0,---,---,---,---,---,---,---,---,---,---,36.0401747,-84.1978853
1,503.2,0.0,00:01:47.0,00:01:50.1,4.54,00:00:00.0,0.00,32.5,62,8.3,0.0,---,---,---,---,---,---,---,---,---,---,36.0401163,-84.1978280
1,510.6,0.0,00:01:48.6,00:01:48.2,4.62,00:00:00.0,0.00,34.0,63,7.4,0.0,---,---,---,---,---,---,---,---,---,---,36.0400647,-84.1977766
1,519.0,0.0,00:01:50.7,00:01:47.3,4.66,00:00:00.0,0.00,34.0,64,8.4,0.0,---,---,---,---,---,---,---,---,---,---,36.0400063,-84.1977178
1,527.4,0.0,00:01:52.2,00:01:47.5,4.65,00:00:00.0,0.00,34.0,65,8.4,0.0,---,---,---,---,---,---,---,---,---,---,36.0399471,-84.1976591
1,535.9,0.0,00:01:54.0,00:01:46.6,4.69,00:00:00.0,0.00,34.0,66,8.4,0.0,---,---,---,---,---,---,---,---,---,---,36.0398881,-84.1976001
1,544.3,0.0,00:01:55.8,00:01:48.5,4.61,00:00:00.0,0.00,32.5,67,8.4,0.0,---,---,---,---,---,---,---,---,---,---,36.0398302,-84.1975400
1,552.7,0.0,00:01:57.6,00:01:48.9,4.59,00:00:00.0,0.00,34.0,68,8.4,0.0,---,---,---,---,---,---,---,---,---,---,36.0397725,-84.1974797
1,561.0,0.0,00:01:59.7,00:01:48.9,4.59,00:00:00.0,0.00,34.0,69,8.3,0.0,---,---,---,---,---,---,---,---,---,---,36.0397148,-84.1974203
1,568.3,0.0,00:02:01.0,00:01:47.3,4.66,00:00:00.0,0.00,33.0,70,7.2,0.0,---,---,---,---,---,---,---,---,---,---,36.0396642,-84.1973693
1,576.5,0.0,00:02:02.9,00:01:46.8,4.68,00:00:00.0,0.00,33.5,71,8.2,0.0,---,---,---,---,---,---,---,---,---,---,36.0396071,-84.1973113
1,584.8,0.0,00:02:04.6,00:01:48.9,4.59,00:00:00.0,0.00,34.0,72,8.2,0.0,---,---,---,---,---,---,---,---,---,---,36.0395495,-84.1972537
1,593.1,0.0,00:02:06.4,00:01:48.9,4.59,00:00:00.0,0.00,33.0,73,8.3,0.0,---,---,---,---,---,---,---,---,---,---,36.0394915,-84.1971963
1,601.4,0.0,00:02:08.2,00:01:49.4,4.57,00:00:00.0,0.00,33.5,74,8.3,0.0,---,---,---,---,---,---,---,---,---,---,36.0394332,-84.1971387
1,609.7,0.0,00:02:10.0,00:01:47.5,4.65,00:00:00.0,0.00,33.0,75,8.3,0.0,---,---,---,---,---,---,---,---,---,---,36.0393754,-84.1970800
1,616.9,0.0,00:02:11.8,00:01:46.4,4.70,00:00:00.0,0.00,33.5,76,7.2,0.0,---,---,---,---,---,---,---,---,---,---,36.0393252,-84.1970298
1,626.2,0.0,00:02:13.6,00:01:48.7,4.60,00:00:00.0,0.00,34.0,77,9.3,0.0,---,---,---,---,---,---,---,---,---,---,36.0392596,-84.1969655
1,634.5,0.0,00:02:15.4,00:01:48.7,4.60,00:00:00.0,0.00,32.5,78,8.3,0.0,---,---,---,---,---,---,---,---,---,---,36.0392020,-84.1969071
1,642.7,0.0,00:02:17.2,00:01:49.4,4.57,00:00:00.0,0.00,34.0,79,8.3,0.0,---,---,---,---,---,---,---,---,---,---,36.0391438,-84.1968503
1,651.1,0.0,00:02:19.0,00:01:47.5,4.65,00:00:00.0,0.00,33.0,80,8.4,0.0,---,---,---,---,---,---,---,---,---,---,36.0390854,-84.1967920
1,658.2,0.0,00:02:20.8,00:01:46.6,4.69,00:00:00.0,0.00,33.5,81,7.1,0.0,---,---,---,---,---,---,---,---,---,---,36.0390369,-84.1967403
1,667.6,0.0,00:02:22.6,00:01:49.6,4.56,00:00:00.0,0.00,32.5,82,9.4,0.0,---,---,---,---,---,---,---,---,---,---,36.0389729,-84.1966721
1,675.9,0.0,00:02:24.4,00:01:49.9,4.55,00:00:00.0,0.00,33.5,83,8.3,0.0,---,---,---,---,---,---,---,---,---,---,36.0389157,-84.1966126
1,684.3,0.0,00:02:26.2,00:01:49.9,4.55,00:00:00.0,0.00,33.5,84,8.4,0.0,---,---,---,---,---,---,---,---,---,---,36.0388573,-84.1965540
1,692.6,0.0,00:02:28.0,00:01:47.5,4.65,00:00:00.0,0.00,34.0,85,8.3,0.0,---,---,---,---,---,---,---,---,---,---,36.0387993,-84.1964955
1,698.9,0.0,00:02:29.7,00:01:46.6,4.69,00:00:00.0,0.00,32.5,86,6.2,0.0,---,---,---,---,---,---,---,---,---,---,36.0387558,-84.1964523
1,709.5,0.0,00:02:31.6,00:01:49.4,4.57,00:00:00.0,0.00,34.0,87,10.7,0.0,---,---,---,---,---,---,---,---,---,---,36.0386813,-84.1963780
1,718.0,0.0,00:02:33.4,00:01:48.7,4.60,00:00:00.0,0.00,34.0,88,8.5,0.0,---,---,---,---,---,---,---,---,---,---,36.0386220,-84.1963192
1,726.4,0.0,00:02:35.2,00:01:49.2,4.58,00:00:00.0,0.00,32.5,89,8.4,0.0,---,---,---,---,---,---,---,---,---,---,36.0385626,-84.1962607
1,733.7,0.0,00:02:36.8,00:01:47.3,4.66,00:00:00.0,0.00,34.0,90,7.2,0.0,---,---,---,---,---,---,---,---,---,---,36.0385124,-84.1962097
1,740.8,0.0,00:02:38.7,00:01:46.6,4.69,00:00:00.0,0.00,33.5,91,7.2,0.0,---,---,---,---,---,---,---,---,---,---,36.0384624,-84.1961595
1,750.1,0.0,00:02:40.4,00:01:50.1,4.54,00:00:00.0,0.00,33.5,92,9.3,0.0,---,---,---,---,---,---,---,---,---,---,36.0383968,-84.1960959
1,758.4,0.0,00:02:42.2,00:01:51.1,4.50,00:00:00.0,0.00,35.0,93,8.3,0.0,---,---,---,---,---,---,---,---,---,---,36.0383375,-84.1960407
1,766.6,0.0,00:02:44.0,00:01:51.4,4.49,00:00:00.0,0.00,34.0,94,8.3,0.0,---,---,---,---,---,---,---,---,---,---,36.0382793,-84.1959836
1,773.9,0.0,00:02:45.6,00:01:49.2,4.58,00:00:00.0,0.00,32.5,95,7.3,0.0,---,---,---,---,---,---,---,---,---,---,36.0382287,-84.1959329
1,782.1,0.0,00:02:47.7,00:01:48.2,4.62,00:00:00.0,0.00,34.0,96,8.2,0.0,---,---,---,---,---,---,---,---,---,---,36.0381723,-84.1958741
1,790.4,0.0,00:02:49.2,00:01:48.5,4.61,00:00:00.0,0.00,34.0,97,8.3,0.0,---,---,---,---,---,---,---,---,---,---,36.0381153,-84.1958146
1,798.7,0.0,00:02:51.0,00:01:47.8,4.64,00:00:00.0,0.00,33.5,98,8.3,0.0,---,---,---,---,---,---,---,---,---,---,36.0380576,-84.1957558
1,807.1,0.0,00:02:52.8,00:01:49.2,4.58,00:00:00.0,0.00,33.0,99,8.2,0.0,---,---,---,---,---,---,---,---,---,---,36.0379991,-84.1956982
1,815.3,0.0,00:02:54.6,00:01:48.9,4.59,00:00:00.0,0.00,34.0,100,8.3,0.0,---,---,---,---,---,---,---,---,---,---,36.0379407,-84.1956411
1,823.7,0.0,00:02:56.7,00:01:48.7,4.60,00:00:00.0,0.00,33.0,101,8.3,0.0,---,---,---,---,---,---,---,---,---,---,36.0378812,-84.1955848
1,832.2,0.0,00:02:58.2,00:01:47.5,4.65,00:00:00.0,0.00,33.5,102,8.5,0.0,---,---,---,---,---,---,---,---,---,---,36.0378212,-84.1955267
1,839.5,0.0,00:02:59.9,00:01:46.6,4.69,00:00:00.0,0.00,34.0,103,7.3,0.0,---,---,---,---,---,---,---,---,---,---,36.0377703,-84.1954755
1,847.8,0.0,00:03:01.6,00:01:48.7,4.60,00:00:00.0,0.00,32.5,104,8.4,0.0,---,---,---,---,---,---,---,---,---,---,36.0377129,-84.1954159
1,856.2,0.0,00:03:03.4,00:01:50.4,4.53,00:00:00.0,0.00,32.5,105,8.4,0.0,---,---,---,---,---,---,---,---,---,---,36.0376555,-84.1953555
1,864.4,0.0,00:03:05.2,00:01:50.6,4.52,00:00:00.0,0.00,35.5,106,8.2,0.0,---,---,---,---,---,---,---,---,---,---,36.0376001,-84.1952955
1,872.6,0.0,00:03:07.0,00:01:48.0,4.63,00:00:00.0,0.00,33.0,107,8.3,0.0,---,---,---,---,---,---,---,---,---,---,36.0375447,-84.1952346
1,879.9,0.0,00:03:08.8,00:01:47.3,4.66,00:00:00.0,0.00,33.5,108,7.2,0.0,---,---,---,---,---,---,---,---,---,---,36.0374961,-84.1951818
1,889.3,0.0,00:03:10.6,00:01:49.4,4.57,00:00:00.0,0.00,32.5,109,9.4,0.0,---,---,---,---,---,---,---,---,---,---,36.0374315,-84.1951144
1,897.5,0.0,00:03:12.4,00:01:49.4,4.57,00:00:00.0,0.00,34.0,110,8.3,0.0,---,---,---,---,---,---,---,---,---,---,36.0373734,-84.1950569
1,905.7,0.0,00:03:14.2,00:01:50.1,4.54,00:00:00.0,0.00,31.5,111,8.1,0.0,---,---,---,---,---,---,---,---,---,---,36.0373154,-84.1950008
1,914.0,0.0,00:03:16.0,00:01:48.2,4.62,00:00:00.0,0.00,34.5,112,8.3,0.0,---,---,---,---,---,---,---,---,---,---,36.0372569,-84.1949444
1,921.2,0.0,00:03:17.8,00:01:46.4,4.70,00:00:00.0,0.00,35.0,113,7.3,0.0,---,---,---,---,---,---,---,---,---,---,36.0372059,-84.1948943
1,930.6,0.0,00:03:19.6,00:01:48.9,4.59,00:00:00.0,0.00,34.0,114,9.4,0.0,---,---,---,---,---,---,---,---,---,---,36.0371402,-84.1948291
1,937.9,0.0,00:03:21.2,00:01:49.4,4.57,00:00:00.0,0.00,34.0,115,7.3,0.0,---,---,---,---,---,---,---,---,---,---,36.0370892,-84.1947780
1,946.2,0.0,00:03:23.0,00:01:50.1,4.54,00:00:00.0,0.00,33.0,116,8.3,0.0,---,---,---,---,---,---,---,---,---,---,36.0370320,-84.1947191
1,954.5,0.0,00:03:24.8,00:01:48.5,4.61,00:00:00.0,0.00,35.0,117,8.3,0.0,---,---,---,---,---,---,---,---,---,---,36.0369753,-84.1946597
1,961.6,0.0,00:03:26.7,00:01:47.8,4.64,00:00:00.0,0.00,34.0,118,7.1,0.0,---,---,---,---,---,---,---,---,---,---,36.0369266,-84.1946080
1,971.0,0.0,00:03:28.4,00:01:50.6,4.52,00:00:00.0,0.00,33.0,119,9.4,0.0,---,---,---,---,---,---,---,---,---,---,36.0368631,-84.1945406
1,979.2,0.0,00:03:30.2,00:01:50.6,4.52,00:00:00.0,0.00,33.5,120,8.3,0.0,---,---,---,---,---,---,---,---,---,---,36.0368061,-84.1944815
1,986.5,0.0,00:03:31.8,00:01:50.6,4.52,00:00:00.0,0.00,34.0,121,7.3,0.0,---,---,---,---,---,---,---,---,---,---,36.0367560,-84.1944297
1,994.7,0.0,00:03:33.6,00:01:49.4,4.57,00:00:00.0,0.00,33.0,122,8.2,0.0,---,---,---,---,---,---,---,---,---,---,36.0366993,-84.1943717
1,1002.9,0.0,00:03:35.7,00:01:48.9,4.59,00:00:00.0,0.00,33.5,123,8.2,0.0,---,---,---,---,---,---,---,---,---,---,36.0366422,-84.1943138
1,1011.1,0.0,00:03:37.2,00:01:49.9,4.55,00:00:00.0,0.00,31.5,124,8.2,0.0,---,---,---,---,---,---,---,---,---,---,36.0365842,-84.1942570
1,1019.4,0.0,00:03:39.0,00:01:48.9,4.59,00:00:00.0,0.00,35.5,125,8.3,0.0,---,---,---,---,---,---,---,---,---,---,36.0365255,-84.1942007
1,1027.6,0.0,00:03:40.8,00:01:49.4,4.57,00:00:00.0,0.00,33.0,126,8.2,0.0,---,---,---,---,---,---,---,---,---,---,36.0364680,-84.1941438
1,1035.8,0.0,00:03:42.6,00:01:49.6,4.56,00:00:00.0,0.00,32.0,127,8.2,0.0,---,---,---,---,---,---,---,---,---,---,36.0364105,-84.1940873
1,1044.0,0.0,00:03:44.6,00:01:49.4,4.57,00:00:00.0,0.00,34.0,128,8.2,0.0,---,---,---,---,---,---,---,---,---,---,36.0363531,-84.1940296
1,1052.2,0.0,00:03:46.2,00:01:49.4,4.57,00:00:00.0,0.00,34.0,129,8.1,0.0,---,---,---,---,---,---,---,---,---,---,36.0362974,-84.1939711
1,1060.3,0.0,00:03:48.0,00:01:49.4,4.57,00:00:00.0,0.00,33.0,130,8.2,0.0,---,---,---,---,---,---,---,---,---,---,36.0362417,-84.1939122
1,1068.5,0.0,00:03:49.8,00:01:51.1,4.50,00:00:00.0,0.00,32.0,131,8.2,0.0,---,---,---,---,---,---,---,---,---,---,36.0361849,-84.1938551
1,1076.6,0.0,00:03:51.6,00:01:51.1,4.50,00:00:00.0,0.00,32.5,132,8.1,0.0,---,---,---,---,---,---,---,---,---,---,36.0361278,-84.1937990
1,1084.8,0.0,00:03:53.7,00:01:50.6,4.52,00:00:00.0,0.00,34.0,133,8.2,0.0,---,---,---,---,---,---,---,---,---,---,36.0360698,-84.1937422
1,1093.1,0.0,00:03:55.2,00:01:48.7,4.60,00:00:00.0,0.00,35.5,134,8.3,0.0,---,---,---,---,---,---,---,---,---,---,36.0360120,-84.1936835
1,1100.5,0.0,00:03:56.9,00:01:47.1,4.67,00:00:00.0,0.00,34.0,135,7.3,0.0,---,---,---,---,---,---,---,---,---,---,36.0359610,-84.1936320
1,1109.0,0.0,00:03:58.6,00:01:48.2,4.62,00:00:00.0,0.00,34.0,136,8.5,0.0,---,---,---,---,---,---,---,---,---,---,36.0359018,-84.1935723
1,1117.5,0.0,00:04:00.4,00:01:47.5,4.65,00:00:00.0,0.00,34.5,137,8.5,0.0,---,---,---,---,---,---,---,---,---,---,36.0358419,-84.1935129
1,1126.1,0.0,00:04:02.2,00:01:47.5,4.65,00:00:00.0,0.00,34.0,138,8.6,0.0,---,---,---,---,---,---,---,---,---,---,36.0357817,-84.1934534
1,1133.5,0.0,00:04:03.8,00:01:45.3,4.75,00:00:00.0,0.00,35.0,139,7.4,0.0,---,---,---,---,---,---,---,---,---,---,36.0357302,-84.1934019
1,1140.8,0.0,00:04:05.7,00:01:44.6,4.78,00:00:00.0,0.00,33.0,140,7.4,0.0,---,---,---,---,---,---,---,---,---,---,36.0356789,-84.1933504
1,1150.4,0.0,00:04:07.4,00:01:47.3,4.66,00:00:00.0,0.00,33.5,141,9.6,0.0,---,---,---,---,---,---,---,---,---,---,36.0356118,-84.1932833
1,1159.1,0.0,00:04:09.2,00:01:46.8,4.68,00:00:00.0,0.00,34.0,142,8.7,0.0,---,---,---,---,---,---,---,---,---,---,36.0355512,-84.1932231
1,1167.6,0.0,00:04:11.0,00:01:48.0,4.63,00:00:00.0,0.00,34.0,143,8.5,0.0,---,---,---,---,---,---,---,---,---,---,36.0354926,-84.1931632
1,1174.9,0.0,00:04:12.6,00:01:47.3,4.66,00:00:00.0,0.00,34.0,144,7.3,0.0,---,---,---,---,---,---,---,---,---,---,36.0354427,-84.1931100
1,1183.1,0.0,00:04:14.7,00:01:47.3,4.66,00:00:00.0,0.00,34.0,145,8.2,0.0,---,---,---,---,---,---,---,---,---,---,36.0353868,-84.1930500
1,1191.2,0.0,00:04:16.2,00:01:48.9,4.59,00:00:00.0,0.00,33.0,146,8.1,0.0,---,---,---,---,---,---,---,---,---,---,36.0353305,-84.1929927
1,1199.4,0.0,00:04:18.0,00:01:49.4,4.57,00:00:00.0,0.00,33.5,147,8.2,0.0,---,---,---,---,---,---,---,---,---,---,36.0352730,-84.1929364
1,1207.7,0.0,00:04:19.8,00:01:51.1,4.50,00:00:00.0,0.00,34.0,148,8.3,0.0,---,---,---,---,---,---,---,---,---,---,36.0352140,-84.1928798
1,1216.0,0.0,00:04:21.6,00:01:51.1,4.50,00:00:00.0,0.00,33.0,149,8.3,0.0,---,---,---,---,---,---,---,---,---,---,36.0351546,-84.1928246
1,1224.2,0.0,00:04:23.7,00:01:50.9,4.51,00:00:00.0,0.00,33.5,150,8.2,0.0,---,---,---,---,---,---,---,---,---,---,36.0350954,-84.1927697
1,1232.5,0.0,00:04:25.2,00:01:50.1,4.54,00:00:00.0,0.00,34.0,151,8.3,0.0,---,---,---,---,---,---,---,---,---,---,36.0350364,-84.1927137
1,1239.6,0.0,00:04:26.9,00:01:49.9,4.55,00:00:00.0,0.00,33.0,152,7.1,0.0,---,---,---,---,---,---,---,---,---,---,36.0349869,-84.1926636
1,1247.7,0.0,00:04:28.6,00:01:51.9,4.47,00:00:00.0,0.00,35.0,153,8.1,0.0,---,---,---,---,---,---,---,---,---,---,36.0349310,-84.1926065
1,1255.8,0.0,00:04:30.4,00:01:52.1,4.46,00:00:00.0,0.00,32.5,154,8.1,0.0,---,---,---,---,---,---,---,---,---,---,36.0348751,-84.1925498
1,1264.0,0.0,00:04:32.2,00:01:51.9,4.47,00:00:00.0,0.00,34.0,155,8.3,0.0,---,---,---,---,---,---,---,---,---,---,36.0348184,-84.1924907
1,1272.1,0.0,00:04:34.0,00:01:50.1,4.54,00:00:00.0,0.00,33.0,156,8.1,0.0,---,---,---,---,---,---,---,---,---,---,36.0347625,-84.1924324
1,1279.2,0.0,00:04:35.8,00:01:49.6,4.56,00:00:00.0,0.00,32.0,157,7.0,0.0,---,---,---,---,---,---,---,---,---,---,36.0347142,-84.1923819
1,1288.4,0.0,00:04:37.6,00:01:52.1,4.46,00:00:00.0,0.00,32.5,158,9.2,0.0,---,---,---,---,---,---,---,---,---,---,36.0346506,-84.1923167
1,1296.4,0.0,00:04:39.4,00:01:52.1,4.46,00:00:00.0,0.00,34.0,159,8.0,0.0,---,---,---,---,---,---,---,---,---,---,36.0345950,-84.1922598
1,1304.5,0.0,00:04:41.2,00:01:52.4,4.45,00:00:00.0,0.00,34.0,160,8.0,0.0,---,---,---,---,---,---,---,---,---,---,36.0345395,-84.1922021
1,1312.5,0.0,00:04:43.0,00:01:50.6,4.52,00:00:00.0,0.00,33.0,161,8.0,0.0,---,---,---,---,---,---,---,---,---,---,36.0344848,-84.1921439
1,1320.6,0.0,00:04:44.9,00:01:50.1,4.54,00:00:00.0,0.00,32.0,162,8.1,0.0,---,---,---,---,---,---,---,---,---,---,36.0344300,-84.1920848
1,1328.8,0.0,00:04:46.6,00:01:52.1,4.46,00:00:00.0,0.00,34.0,163,8.2,0.0,---,---,---,---,---,---,---,---,---,---,36.0343745,-84.1920249
1,1337.0,0.0,00:04:48.4,00:01:51.1,4.50,00:00:00.0,0.00,32.5,164,8.2,0.0,---,---,---,---,---,---,---,---,---,---,36.0343177,-84.1919667
1,1345.2,0.0,00:04:50.2,00:01:51.1,4.50,00:00:00.0,0.00,34.5,165,8.2,0.0,---,---,---,---,---,---,---,---,---,---,36.0342602,-84.1919097
1,1353.5,0.0,00:04:52.0,00:01:48.9,4.59,00:00:00.0,0.00,33.5,166,8.2,0.0,---,---,---,---,---,---,---,---,---,---,36.0342016,-84.1918541
1,1360.7,0.0,00:04:53.8,00:01:48.2,4.62,00:00:00.0,0.00,32.5,167,7.2,0.0,---,---,---,---,---,---,---,---,---,---,36.0341501,-84.1918055
1,1370.0,0.0,00:04:55.6,00:01:50.1,4.54,00:00:00.0,0.00,34.5,168,9.3,0.0,---,---,---,---,---,---,---,---,---,---,36.0340838,-84.1917423
1,1378.3,0.0,00:04:57.4,00:01:50.1,4.54,00:00:00.0,0.00,32.5,169,8.4,0.0,---,---,---,---,---,---,---,---,---,---,36.0340243,-84.1916857
1,1386.6,0.0,00:04:59.2,00:01:50.1,4.54,00:00:00.0,0.00,35.5,170,8.3,0.0,---,---,---,---,---,---,---,---,---,---,36.0339653,-84.1916298
1,1393.9,0.0,00:05:00.8,00:01:48.5,4.61,00:00:00.0,0.00,34.0,171,7.3,0.0,---,---,---,---,---,---,---,---,---,---,36.0339139,-84.1915802
1,1401.1,0.0,00:05:02.7,00:01:48.0,4.63,00:00:00.0,0.00,34.0,172,7.1,0.0,---,---,---,---,---,---,---,---,---,---,36.0338626,-84.1915314
1,1410.4,0.0,00:05:04.4,00:01:50.4,4.53,00:00:00.0,0.00,33.0,173,9.3,0.0,---,---,---,---,---,---,---,---,---,---,36.0337970,-84.1914673
1,1418.7,0.0,00:05:06.2,00:01:50.4,4.53,00:00:00.0,0.00,34.0,174,8.3,0.0,---,---,---,---,---,---,---,---,---,---,36.0337393,-84.1914095
1,1427.0,0.0,00:05:08.0,00:01:50.4,4.53,00:00:00.0,0.00,34.0,175,8.3,0.0,---,---,---,---,---,---,---,---,---,---,36.0336808,-84.1913517
1,1435.3,0.0,00:05:09.8,00:01:48.7,4.60,00:00:00.0,0.00,34.0,176,8.3,0.0,---,---,---,---,---,---,---,---,---,---,36.0336221,-84.1912944
1,1442.5,0.0,00:05:11.7,00:01:48.0,4.63,00:00:00.0,0.00,34.0,177,7.2,0.0,---,---,---,---,---,---,---,---,---,---,36.0335720,-84.1912440
1,1450.7,0.0,00:05:13.2,00:01:50.1,4.54,00:00:00.0,0.00,31.5,178,8.2,0.0,---,---,---,---,---,---,---,---,---,---,36.0335156,-84.1911856
1,1459.0,0.0,00:05:15.0,00:01:49.4,4.57,00:00:00.0,0.00,35.5,179,8.3,0.0,---,---,---,---,---,---,---,---,---,---,36.0334584,-84.1911260
1,1467.4,0.0,00:05:16.8,00:01:48.9,4.59,00:00:00.0,0.00,34.0,180,8.4,0.0,---,---,---,---,---,---,---,---,---,---,36.0334012,-84.1910658
1,1475.7,0.0,00:05:18.6,00:01:48.7,4.60,00:00:00.0,0.00,34.5,181,8.3,0.0,---,---,---,---,---,---,---,---,---,---,36.0333439,-84.1910069
1,1483.9,0.0,00:05:20.7,00:01:48.9,4.59,00:00:00.0,0.00,33.5,182,8.3,0.0,---,---,---,---,---,---,---,---,---,---,36.0332862,-84.1909493
1,1491.2,0.0,00:05:22.0,00:01:47.8,4.64,00:00:00.0,0.00,34.0,183,7.2,0.0,---,---,---,---,---,---,---,---,---,---,36.0332361,-84.1908982
1,1498.4,0.0,00:05:23.8,00:01:47.1,4.67,00:00:00.0,0.00,34.0,184,7.2,0.0,---,---,---,---,---,---,---,---,---,---,36.0331861,-84.1908473
1,1507.9,0.0,00:05:25.6,00:01:48.9,4.59,00:00:00.0,0.00,34.5,185,9.5,0.0,---,---,---,---,---,---,---,---,---,---,36.0331200,-84.1907797
1,1515.4,0.0,00:05:27.2,00:01:48.5,4.61,00:00:00.0,0.00,35.5,186,7.5,0.0,---,---,---,---,---,---,---,---,---,---,36.0330680,-84.1907266
1,1523.9,0.0,00:05:29.0,00:01:48.7,4.60,00:00:00.0,0.00,34.0,187,8.5,0.0,---,---,---,---,---,---,---,---,---,---,36.0330094,-84.1906665
1,1532.3,0.0,00:05:30.8,00:01:47.1,4.67,00:00:00.0,0.00,34.5,188,8.4,0.0,---,---,---,---,---,---,---,---,---,---,36.0329519,-84.1906064
1,1539.7,0.0,00:05:32.7,00:01:45.9,4.72,00:00:00.0,0.00,35.0,189,7.4,0.0,---,---,---,---,---,---,---,---,---,---,36.0329011,-84.1905533
1,1548.1,0.0,00:05:34.2,00:01:46.4,4.70,00:00:00.0,0.00,35.5,190,8.4,0.0,---,---,---,---,---,---,---,---,---,---,36.0328431,-84.1904936
1,1554.5,0.0,00:05:35.8,00:01:46.2,4.71,00:00:00.0,0.00,34.5,191,6.4,0.0,---,---,---,---,---,---,---,---,---,---,36.0327981,-84.1904493
1,1564.1,0.0,00:05:37.6,00:01:47.5,4.65,00:00:00.0,0.00,35.0,192,9.6,0.0,---,---,---,---,---,---,---,---,---,---,36.0327300,-84.1903843
1,1571.4,0.0,00:05:39.2,00:01:47.3,4.66,00:00:00.0,0.00,34.5,193,7.4,0.0,---,---,---,---,---,---,---,---,---,---,36.0326778,-84.1903338
1,1579.8,0.0,00:05:41.0,00:01:48.0,4.63,00:00:00.0,0.00,35.0,194,8.4,0.0,---,---,---,---,---,---,---,---,---,---,36.0326200,-84.1902746
1,1588.2,0.0,00:05:42.8,00:01:47.3,4.66,00:00:00.0,0.00,34.0,195,8.4,0.0,---,---,---,---,---,---,---,---,---,---,36.0325621,-84.1902144
1,1595.6,0.0,00:05:44.7,00:01:46.6,4.69,00:00:00.0,0.00,34.5,196,7.4,0.0,---,---,---,---,---,---,---,---,---,---,36.0325108,-84.1901620
1,1604.1,0.0,00:05:46.2,00:01:47.3,4.66,00:00:00.0,0.00,34.0,197,8.5,0.0,---,---,---,---,---,---,---,---,---,---,36.0324527,-84.1901018
1,1611.5,0.0,00:05:47.9,00:01:47.1,4.67,00:00:00.0,0.00,35.0,198,7.4,0.0,---,---,---,---,---,---,---,---,---,---,36.0324015,-84.1900495
1,1619.8,0.0,00:05:49.6,00:01:48.7,4.60,00:00:00.0,0.00,34.5,199,8.4,0.0,---,---,---,---,---,---,---,---,---,---,36.0323430,-84.1899909
1,1628.2,0.0,00:05:51.4,00:01:49.2,4.58,00:00:00.0,0.00,34.0,200,8.3,0.0,---,---,---,---,---,---,---,---,---,---,36.0322836,-84.1899344
1,1636.4,0.0,00:05:53.2,00:01:49.9,4.55,00:00:00.0,0.00,34.0,201,8.3,0.0,---,---,---,---,---,---,---,---,---,---,36.0322246,-84.1898785
1,1644.7,0.0,00:05:55.0,00:01:48.2,4.62,00:00:00.0,0.00,34.0,202,8.3,0.0,---,---,---,---,---,---,---,---,---,---,36.0321647,-84.1898236
1,1651.0,0.0,00:05:56.7,00:01:47.1,4.67,00:00:00.0,0.00,34.0,203,6.2,0.0,---,---,---,---,---,---,---,---,---,---,36.0321198,-84.1897824
1,1660.4,0.0,00:05:58.4,00:01:49.9,4.55,00:00:00.0,0.00,34.0,204,9.4,0.0,---,---,---,---,---,---,---,---,---,---,36.0320536,-84.1897175
1,1668.6,0.0,00:06:00.2,00:01:50.4,4.53,00:00:00.0,0.00,34.5,205,8.2,0.0,---,---,---,---,---,---,---,---,---,---,36.0319972,-84.1896584
1,1675.8,0.0,00:06:01.8,00:01:51.1,4.50,00:00:00.0,0.00,34.5,206,7.2,0.0,---,---,---,---,---,---,---,---,---,---,36.0319480,-84.1896067
1,1684.1,0.0,00:06:03.6,00:01:50.1,4.54,00:00:00.0,0.00,34.0,207,8.3,0.0,---,---,---,---,---,---,---,---,---,---,36.0318921,-84.1895458
1,1692.3,0.0,00:06:05.7,00:01:49.2,4.58,00:00:00.0,0.00,35.0,208,8.2,0.0,---,---,---,---,---,---,---,---,---,---,36.0318366,-84.1894855
1,1699.6,0.0,00:06:07.0,00:01:48.5,4.61,00:00:00.0,0.00,34.0,209,7.3,0.0,---,---,---,---,---,---,---,---,---,---,36.0317877,-84.1894318
1,1706.9,0.0,00:06:08.8,00:01:47.8,4.64,00:00:00.0,0.00,35.5,210,7.3,0.0,---,---,---,---,---,---,---,---,---,---,36.0317377,-84.1893796
1,1716.3,0.0,00:06:10.6,00:01:49.4,4.57,00:00:00.0,0.00,34.0,211,9.4,0.0,---,---,---,---,---,---,---,---,---,---,36.0316716,-84.1893143
1,1723.8,0.0,00:06:12.2,00:01:49.9,4.55,00:00:00.0,0.00,36.0,212,7.5,0.0,---,---,---,---,---,---,---,---,---,---,36.0316187,-84.1892632
1,1731.3,0.0,00:06:13.8,00:01:49.2,4.58,00:00:00.0,0.00,39.0,213,7.5,0.0,---,---,---,---,---,---,---,---,---,---,36.0315661,-84.1892109
1,1738.8,0.0,00:06:15.4,00:01:48.0,4.63,00:00:00.0,0.00,36.5,214,7.5,0.0,---,---,---,---,---,---,---,---,---,---,36.0315139,-84.1891573
1,1746.3,0.0,00:06:17.0,00:01:48.0,4.63,00:00:00.0,0.00,37.0,215,7.5,0.0,---,---,---,---,---,---,---,---,---,---,36.0314617,-84.1891046
1,1753.9,0.0,00:06:18.6,00:01:46.2,4.71,00:00:00.0,0.00,35.5,216,7.6,0.0,---,---,---,---,---,---,---,---,---,---,36.0314093,-84.1890508
1,1762.7,0.0,00:06:20.7,00:01:45.0,4.76,00:00:00.0,0.00,35.5,217,8.8,0.0,---,---,---,---,---,---,---,---,---,---,36.0313484,-84.1889892
1,1770.3,0.0,00:06:22.0,00:01:44.2,4.80,00:00:00.0,0.00,35.5,218,7.7,0.0,---,---,---,---,---,---,---,---,---,---,36.0312945,-84.1889361
1,1778.0,0.0,00:06:23.8,00:01:43.5,4.83,00:00:00.0,0.00,34.5,219,7.7,0.0,---,---,---,---,---,---,---,---,---,---,36.0312398,-84.1888840
1,1786.7,0.0,00:06:25.4,00:01:45.7,4.73,00:00:00.0,0.00,35.0,220,8.7,0.0,---,---,---,---,---,---,---,---,---,---,36.0311791,-84.1888233
1,1795.3,0.0,00:06:27.2,00:01:45.5,4.74,00:00:00.0,0.00,35.5,221,8.5,0.0,---,---,---,---,---,---,---,---,---,---,36.0311201,-84.1887624
1,1802.9,0.0,00:06:28.8,00:01:45.5,4.74,00:00:00.0,0.00,35.5,222,7.6,0.0,---,---,---,---,---,---,---,---,---,---,36.0310678,-84.1887083
1,1810.5,0.0,00:06:30.4,00:01:45.5,4.74,00:00:00.0,0.00,35.5,223,7.6,0.0,---,---,---,---,---,---,---,---,---,---,36.0310152,-84.1886547
1,1819.2,0.0,00:06:32.2,00:01:45.3,4.75,00:00:00.0,0.00,34.5,224,8.7,0.0,---,---,---,---,---,---,---,---,---,---,36.0309544,-84.1885939
1,1826.8,0.0,00:06:33.8,00:01:43.1,4.85,00:00:00.0,0.00,37.0,225,7.6,0.0,---,---,---,---,---,---,---,---,---,---,36.0309011,-84.1885409
1,1834.4,0.0,00:06:35.7,00:01:42.7,4.87,00:00:00.0,0.00,35.5,226,7.6,0.0,---,---,---,---,---,---,---,---,---,---,36.0308477,-84.1884882
1,1843.1,0.0,00:06:37.2,00:01:45.0,4.76,00:00:00.0,0.00,35.5,227,8.7,0.0,---,---,---,---,---,---,---,---,---,---,36.0307869,-84.1884275
1,1850.7,0.0,00:06:38.9,00:01:44.4,4.79,00:00:00.0,0.00,35.5,228,7.7,0.0,---,---,---,---,---,---,---,---,---,---,36.0307334,-84.1883742
1,1859.4,0.0,00:06:40.6,00:01:45.5,4.74,00:00:00.0,0.00,34.5,229,8.7,0.0,---,---,---,---,---,---,---,---,---,---,36.0306725,-84.1883142
1,1867.0,0.0,00:06:42.2,00:01:45.7,4.73,00:00:00.0,0.00,35.5,230,7.6,0.0,---,---,---,---,---,---,---,---,---,---,36.0306187,-84.1882614
1,1875.7,0.0,00:06:44.0,00:01:45.9,4.72,00:00:00.0,0.00,35.5,231,8.7,0.0,---,---,---,---,---,---,---,---,---,---,36.0305583,-84.1882006
1,1883.2,0.0,00:06:45.6,00:01:44.8,4.77,00:00:00.0,0.00,35.5,232,7.5,0.0,---,---,---,---,---,---,---,---,---,---,36.0305063,-84.1881470
1,1891.8,0.0,00:06:47.6,00:01:44.6,4.78,00:00:00.0,0.00,35.5,233,8.5,0.0,---,---,---,---,---,---,---,---,---,---,36.0304476,-84.1880862
1,1899.3,0.0,00:06:49.0,00:01:45.0,4.76,00:00:00.0,0.00,34.5,234,7.6,0.0,---,---,---,---,---,---,---,---,---,---,36.0303947,-84.1880332
1,1905.8,0.0,00:06:50.7,00:01:44.6,4.78,00:00:00.0,0.00,36.0,235,6.4,0.0,---,---,---,---,---,---,---,---,---,---,36.0303494,-84.1879880
1,1915.7,0.0,00:06:52.4,00:01:45.3,4.75,00:00:00.0,0.00,37.0,236,9.8,0.0,---,---,---,---,---,---,---,---,---,---,36.0302809,-84.1879192
1,1923.3,0.0,00:06:54.0,00:01:45.0,4.76,00:00:00.0,0.00,35.5,237,7.7,0.0,---,---,---,---,---,---,---,---,---,---,36.0302277,-84.1878652
1,1931.0,0.0,00:06:55.6,00:01:45.9,4.72,00:00:00.0,0.00,35.5,238,7.6,0.0,---,---,---,---,---,---,---,---,---,---,36.0301749,-84.1878109
1,1938.7,0.0,00:06:57.2,00:01:45.9,4.72,00:00:00.0,0.00,36.0,239,7.8,0.0,---,---,---,---,---,---,---,---,---,---,36.0301213,-84.1877564
1,1947.4,0.0,00:06:59.0,00:01:45.9,4.72,00:00:00.0,0.00,36.0,240,8.7,0.0,---,---,---,---,---,---,---,---,---,---,36.0300609,-84.1876943
1,1955.0,0.0,00:07:00.6,00:01:44.4,4.79,00:00:00.0,0.00,35.5,241,7.7,0.0,---,---,---,---,---,---,---,---,---,---,36.0300088,-84.1876397
1,1963.4,0.0,00:07:02.7,00:01:43.9,4.81,00:00:00.0,0.00,35.5,242,8.4,0.0,---,---,---,---,---,---,---,---,---,---,36.0299509,-84.1875805
1,1970.4,0.0,00:07:04.0,00:01:46.4,4.70,00:00:00.0,0.00,35.0,243,7.0,0.0,---,---,---,---,---,---,---,---,---,---,36.0299022,-84.1875306
1,1977.7,0.0,00:07:05.8,00:01:49.4,4.57,00:00:00.0,0.00,35.5,244,7.2,0.0,---,---,---,---,---,---,---,---,---,---,36.0298524,-84.1874792
1,1986.1,0.0,00:07:07.4,00:01:51.6,4.48,00:00:00.0,0.00,34.5,245,8.4,0.0,---,---,---,---,---,---,---,---,---,---,36.0297942,-84.1874199
1,1994.5,0.0,00:07:09.2,00:01:49.9,4.55,00:00:00.0,0.00,35.0,246,8.4,0.0,---,---,---,---,---,---,---,---,---,---,36.0297350,-84.1873616
1,2002.9,0.0,00:07:11.1,00:01:48.9,4.59,00:00:00.0,0.00,34.5,247,8.4,0.0,---,---,---,---,---,---,---,---,---,---,36.0296759,-84.1873038
1,2010.2,0.0,00:07:12.6,00:01:47.8,4.64,00:00:00.0,0.00,34.0,248,7.3,0.0,---,---,---,---,---,---,---,---,---,---,36.0296251,-84.1872522
1,2018.4,0.0,00:07:14.7,00:01:47.5,4.65,00:00:00.0,0.00,34.5,249,8.2,0.0,---,---,---,---,---,---,---,---,---,---,36.0295684,-84.1871936
1,2026.6,0.0,00:07:16.2,00:01:48.0,4.63,00:00:00.0,0.00,33.5,250,8.2,0.0,---,---,---,---,---,---,---,---,---,---,36.0295118,-84.1871350
1,2034.4,0.0,00:07:18.0,00:01:49.2,4.58,00:00:00.0,0.00,32.5,251,7.8,0.0,---,---,---,---,---,---,---,---,---,---,36.0294590,-84.1870787
